Series Name,Series Code,Country Name,Country Code,1990 [YR1990],2000 [YR2000],2010 [YR2010],2011 [YR2011],2012 [YR2012],2013 [YR2013],2014 [YR2014],2015 [YR2015],2016 [YR2016],2017 [YR2017],2018 [YR2018],2019 [YR2019]
"Educational attainment, at least completed post-secondary, population 25+, total (%) (cumulative)",SE.SEC.CUAT.PO.ZS,Afghanistan,AFG,..,..,..,..,..,..,..,..,..,..,..,..
"Educational attainment, at least completed post-secondary, population 25+, total (%) (cumulative)",SE.SEC.CUAT.PO.ZS,Albania,ALB,..,..,..,12.00263,12.89966,..,..,..,..,..,..,..
"Educational attainment, at least completed post-secondary, population 25+, total (%) (cumulative)",SE.SEC.CUAT.PO.ZS,Algeria,DZA,..,..,..,..,..,..,..,..,..,..,..,..
"Educational attainment, at least completed post-secondary, population 25+, total (%) (cumulative)",SE.SEC.CUAT.PO.ZS,American Samoa,ASM,..,..,..,..,..,..,..,..,..,..,..,..
"Educational attainment, at least completed post-secondary, population 25+, total (%) (cumulative)",SE.SEC.CUAT.PO.ZS,Andorra,AND,..,..,..,..,..,..,32.68108,32.42025,32.22919,..,..,..
"Educational attainment, at least completed post-secondary, population 25+, total (%) (cumulative)",SE.SEC.CUAT.PO.ZS,Angola,AGO,..,..,..,..,..,..,2.6339,..,..,..,..,..
"Educational attainment, at least completed post-secondary, population 25+, total (%) (cumulative)",SE.SEC.CUAT.PO.ZS,Antigua and Barbuda,ATG,..,..,..,..,..,..,..,..,..,..,..,..
"Educational attainment, at least completed post-secondary, population 25+, total (%) (cumulative)",SE.SEC.CUAT.PO.ZS,Argentina,ARG,..,..,18.24677,18.40534,18.80334,19.04036,18.78469,18.57615,19.42225,..,..,..
"Educational attainment, at least completed post-secondary, population 25+, total (%) (cumulative)",SE.SEC.CUAT.PO.ZS,Armenia,ARM,..,..,..,46.96439,..,..,..,50.56064,..,46.72697,..,..
"Educational attainment, at least completed post-secondary, population 25+, total (%) (cumulative)",SE.SEC.CUAT.PO.ZS,Aruba,ABW,..,16.39508,32.11752,..,..,..,..,..,..,..,..,..
"Educational attainment, at least completed post-secondary, population 25+, total (%) (cumulative)",SE.SEC.CUAT.PO.ZS,Australia,AUS,..,..,41.79571,42.70266,46.46197,41.64091,39.03498,45.34507,46.47343,47.66699,48.30267,..
"Educational attainment, at least completed post-secondary, population 25+, total (%) (cumulative)",SE.SEC.CUAT.PO.ZS,Austria,AUT,..,..,26.16739,26.33883,26.99064,27.82756,28.41852,29.14282,29.44284,30.62837,..,..
"Educational attainment, at least completed post-secondary, population 25+, total (%) (cumulative)",SE.SEC.CUAT.PO.ZS,Azerbaijan,AZE,..,..,29.96823,30.00222,30.03635,30.03313,30.05712,30.04166,30.09171,30.05587,..,..
"Educational attainment, at least completed post-secondary, population 25+, total (%) (cumulative)",SE.SEC.CUAT.PO.ZS,"Bahamas, The",BHS,13.46815,19.17625,31.25805,..,..,..,..,..,..,..,..,..
"Educational attainment, at least completed post-secondary, population 25+, total (%) (cumulative)",SE.SEC.CUAT.PO.ZS,Bahrain,BHR,..,..,40.11995,..,..,..,..,..,23.92915,24.45045,32.36507,..
"Educational attainment, at least completed post-secondary, population 25+, total (%) (cumulative)",SE.SEC.CUAT.PO.ZS,Bangladesh,BGD,..,..,..,10.24576,10.50721,9.41856,10.28951,13.99098,14.34732,14.92366,15.5678,..
"Educational attainment, at least completed post-secondary, population 25+, total (%) (cumulative)",SE.SEC.CUAT.PO.ZS,Barbados,BRB,..,15.68185,..,..,..,..,..,..,..,..,..,..
"Educational attainment, at least completed post-secondary, population 25+, total (%) (cumulative)",SE.SEC.CUAT.PO.ZS,Belarus,BLR,..,..,..,..,..,..,..,..,..,..,..,..
"Educational attainment, at least completed post-secondary, population 25+, total (%) (cumulative)",SE.SEC.CUAT.PO.ZS,Belgium,BEL,..,..,31.74045,32.15628,32.71225,32.98514,32.80339,33.26115,33.76272,36.38061,..,..
"Educational attainment, at least completed post-secondary, population 25+, total (%) (cumulative)",SE.SEC.CUAT.PO.ZS,Belize,BLZ,..,..,15.43312,..,..,..,..,..,..,..,..,..
"Educational attainment, at least completed post-secondary, population 25+, total (%) (cumulative)",SE.SEC.CUAT.PO.ZS,Benin,BEN,..,..,..,..,..,..,..,..,..,..,..,..
"Educational attainment, at least completed post-secondary, population 25+, total (%) (cumulative)",SE.SEC.CUAT.PO.ZS,Bermuda,BMU,..,51.23542,51.00597,..,..,..,..,..,54.74085,..,..,..
"Educational attainment, at least completed post-secondary, population 25+, total (%) (cumulative)",SE.SEC.CUAT.PO.ZS,Bhutan,BTN,..,..,..,..,5.38001,..,..,..,..,11.00074,..,..
"Educational attainment, at least completed post-secondary, population 25+, total (%) (cumulative)",SE.SEC.CUAT.PO.ZS,Bolivia,BOL,..,..,..,..,24.03224,..,..,24.04957,..,..,..,..
"Educational attainment, at least completed post-secondary, population 25+, total (%) (cumulative)",SE.SEC.CUAT.PO.ZS,Bosnia and Herzegovina,BIH,..,..,9.22543,9.84786,..,..,11.30084,11.47208,11.87646,..,11.86166,..
"Educational attainment, at least completed post-secondary, population 25+, total (%) (cumulative)",SE.SEC.CUAT.PO.ZS,Botswana,BWA,..,..,..,..,..,..,..,..,..,..,..,..
"Educational attainment, at least completed post-secondary, population 25+, total (%) (cumulative)",SE.SEC.CUAT.PO.ZS,Brazil,BRA,..,..,11.2994,11.44956,11.9615,12.63157,13.15737,13.55625,15.34518,15.73458,16.54339,..
"Educational attainment, at least completed post-secondary, population 25+, total (%) (cumulative)",SE.SEC.CUAT.PO.ZS,British Virgin Islands,VGB,..,..,..,..,..,..,..,..,..,..,..,..
"Educational attainment, at least completed post-secondary, population 25+, total (%) (cumulative)",SE.SEC.CUAT.PO.ZS,Brunei Darussalam,BRN,..,..,..,..,..,..,..,..,..,..,..,..
"Educational attainment, at least completed post-secondary, population 25+, total (%) (cumulative)",SE.SEC.CUAT.PO.ZS,Bulgaria,BGR,..,..,..,..,..,..,..,..,..,24.71288,..,..
"Educational attainment, at least completed post-secondary, population 25+, total (%) (cumulative)",SE.SEC.CUAT.PO.ZS,Burkina Faso,BFA,..,..,..,..,..,..,0,..,..,..,..,..
"Educational attainment, at least completed post-secondary, population 25+, total (%) (cumulative)",SE.SEC.CUAT.PO.ZS,Burundi,BDI,0.59623,..,..,..,..,..,1.3528,..,..,..,..,..
"Educational attainment, at least completed post-secondary, population 25+, total (%) (cumulative)",SE.SEC.CUAT.PO.ZS,Cabo Verde,CPV,..,..,..,..,..,..,..,11.86962,..,..,..,..
"Educational attainment, at least completed post-secondary, population 25+, total (%) (cumulative)",SE.SEC.CUAT.PO.ZS,Cambodia,KHM,..,..,..,..,..,..,5.92988,5.83211,..,..,..,..
"Educational attainment, at least completed post-secondary, population 25+, total (%) (cumulative)",SE.SEC.CUAT.PO.ZS,Cameroon,CMR,..,..,13.50781,..,..,..,..,..,..,..,..,..
"Educational attainment, at least completed post-secondary, population 25+, total (%) (cumulative)",SE.SEC.CUAT.PO.ZS,Canada,CAN,..,..,..,59.64031,..,..,..,..,..,..,..,..
"Educational attainment, at least completed post-secondary, population 25+, total (%) (cumulative)",SE.SEC.CUAT.PO.ZS,Cayman Islands,CYM,..,..,..,..,..,..,54.78828,54.8527,..,..,..,..
"Educational attainment, at least completed post-secondary, population 25+, total (%) (cumulative)",SE.SEC.CUAT.PO.ZS,Central African Republic,CAF,..,..,..,..,..,..,..,..,..,..,..,..
"Educational attainment, at least completed post-secondary, population 25+, total (%) (cumulative)",SE.SEC.CUAT.PO.ZS,Chad,TCD,..,..,..,..,..,..,..,..,..,..,..,..
"Educational attainment, at least completed post-secondary, population 25+, total (%) (cumulative)",SE.SEC.CUAT.PO.ZS,Channel Islands,CHI,..,..,..,..,..,..,..,..,..,..,..,..
"Educational attainment, at least completed post-secondary, population 25+, total (%) (cumulative)",SE.SEC.CUAT.PO.ZS,Chile,CHL,..,..,18.08045,15.16613,..,18.32686,..,19.80921,..,22.03569,..,..
"Educational attainment, at least completed post-secondary, population 25+, total (%) (cumulative)",SE.SEC.CUAT.PO.ZS,China,CHN,2,4.26802,..,..,..,..,..,..,..,..,..,..
"Educational attainment, at least completed post-secondary, population 25+, total (%) (cumulative)",SE.SEC.CUAT.PO.ZS,Colombia,COL,..,..,15.67974,16.21407,17.07997,18.59458,19.70505,19.51997,20.13631,..,21.25133,..
"Educational attainment, at least completed post-secondary, population 25+, total (%) (cumulative)",SE.SEC.CUAT.PO.ZS,Comoros,COM,..,..,..,..,..,..,..,..,..,..,..,..
"Educational attainment, at least completed post-secondary, population 25+, total (%) (cumulative)",SE.SEC.CUAT.PO.ZS,"Congo, Dem. Rep.",COD,..,..,..,..,..,5.42532,..,..,9.11784,..,..,..
"Educational attainment, at least completed post-secondary, population 25+, total (%) (cumulative)",SE.SEC.CUAT.PO.ZS,"Congo, Rep.",COG,..,..,..,..,..,..,..,..,..,..,..,..
"Educational attainment, at least completed post-secondary, population 25+, total (%) (cumulative)",SE.SEC.CUAT.PO.ZS,Costa Rica,CRI,..,..,20.0054,20.56726,20.98714,..,23.49548,21.90957,21.44584,..,22.22991,..
"Educational attainment, at least completed post-secondary, population 25+, total (%) (cumulative)",SE.SEC.CUAT.PO.ZS,Cote d'Ivoire,CIV,..,..,..,..,..,..,5.30774,..,..,..,..,..
"Educational attainment, at least completed post-secondary, population 25+, total (%) (cumulative)",SE.SEC.CUAT.PO.ZS,Croatia,HRV,..,..,..,18.29156,..,..,..,..,..,..,..,..
"Educational attainment, at least completed post-secondary, population 25+, total (%) (cumulative)",SE.SEC.CUAT.PO.ZS,Cuba,CUB,..,..,..,..,30.69346,..,..,..,..,..,..,..
"Educational attainment, at least completed post-secondary, population 25+, total (%) (cumulative)",SE.SEC.CUAT.PO.ZS,Curacao,CUW,..,..,..,..,..,..,..,..,..,..,..,..
"Educational attainment, at least completed post-secondary, population 25+, total (%) (cumulative)",SE.SEC.CUAT.PO.ZS,Cyprus,CYP,..,..,32.55004,34.04319,35.67134,35.75474,37.22429,36.8993,38.23762,..,39.16606,..
"Educational attainment, at least completed post-secondary, population 25+, total (%) (cumulative)",SE.SEC.CUAT.PO.ZS,Czech Republic,CZE,..,..,16.90547,18.17587,19.0093,19.95704,18.96725,19.53053,20.24125,..,..,..
"Educational attainment, at least completed post-secondary, population 25+, total (%) (cumulative)",SE.SEC.CUAT.PO.ZS,Denmark,DNK,..,..,..,..,..,..,..,34.87973,35.76369,..,37.11665,..
"Educational attainment, at least completed post-secondary, population 25+, total (%) (cumulative)",SE.SEC.CUAT.PO.ZS,Djibouti,DJI,..,..,..,..,..,..,..,..,..,..,..,..
"Educational attainment, at least completed post-secondary, population 25+, total (%) (cumulative)",SE.SEC.CUAT.PO.ZS,Dominica,DMA,..,..,..,..,..,..,..,..,..,..,..,..
"Educational attainment, at least completed post-secondary, population 25+, total (%) (cumulative)",SE.SEC.CUAT.PO.ZS,Dominican Republic,DOM,..,..,10.78617,10.27196,10.78866,10.85859,11.78635,12.38035,22.51862,..,..,..
"Educational attainment, at least completed post-secondary, population 25+, total (%) (cumulative)",SE.SEC.CUAT.PO.ZS,Ecuador,ECU,15.7373,..,11.36205,10.67376,12.00285,12.73122,11.72843,13.6029,13.48267,13.95734,..,..
"Educational attainment, at least completed post-secondary, population 25+, total (%) (cumulative)",SE.SEC.CUAT.PO.ZS,"Egypt, Arab Rep.",EGY,..,..,..,..,..,..,..,..,..,12.98497,..,..
"Educational attainment, at least completed post-secondary, population 25+, total (%) (cumulative)",SE.SEC.CUAT.PO.ZS,El Salvador,SLV,..,..,6.78207,10.20798,11.21886,10.16436,..,..,8.49257,7.95081,..,..
"Educational attainment, at least completed post-secondary, population 25+, total (%) (cumulative)",SE.SEC.CUAT.PO.ZS,Equatorial Guinea,GNQ,..,..,..,..,..,..,..,..,..,..,..,..
"Educational attainment, at least completed post-secondary, population 25+, total (%) (cumulative)",SE.SEC.CUAT.PO.ZS,Eritrea,ERI,..,..,..,..,..,..,..,..,..,..,..,..
"Educational attainment, at least completed post-secondary, population 25+, total (%) (cumulative)",SE.SEC.CUAT.PO.ZS,Estonia,EST,..,30.86314,..,..,..,..,..,..,..,38.7834,40.29036,..
"Educational attainment, at least completed post-secondary, population 25+, total (%) (cumulative)",SE.SEC.CUAT.PO.ZS,Eswatini,SWZ,..,..,..,..,..,..,..,..,..,..,..,..
"Educational attainment, at least completed post-secondary, population 25+, total (%) (cumulative)",SE.SEC.CUAT.PO.ZS,Ethiopia,ETH,..,..,..,5.89541,..,..,..,..,..,..,..,..
"Educational attainment, at least completed post-secondary, population 25+, total (%) (cumulative)",SE.SEC.CUAT.PO.ZS,Faroe Islands,FRO,..,..,..,..,..,..,..,..,..,..,..,..
"Educational attainment, at least completed post-secondary, population 25+, total (%) (cumulative)",SE.SEC.CUAT.PO.ZS,Fiji,FJI,..,..,..,..,..,..,..,..,..,..,..,..
"Educational attainment, at least completed post-secondary, population 25+, total (%) (cumulative)",SE.SEC.CUAT.PO.ZS,Finland,FIN,15.36384,..,..,..,..,34.35455,34.82228,35.09643,..,36.20377,..,..
"Educational attainment, at least completed post-secondary, population 25+, total (%) (cumulative)",SE.SEC.CUAT.PO.ZS,France,FRA,11.43154,..,24.51876,25.22297,26.06286,27.37047,28.66298,30.49508,29.62496,30.22735,..,..
"Educational attainment, at least completed post-secondary, population 25+, total (%) (cumulative)",SE.SEC.CUAT.PO.ZS,French Polynesia,PYF,..,..,..,..,..,..,..,..,..,..,..,..
"Educational attainment, at least completed post-secondary, population 25+, total (%) (cumulative)",SE.SEC.CUAT.PO.ZS,Gabon,GAB,..,..,..,..,..,..,..,..,..,..,..,..
"Educational attainment, at least completed post-secondary, population 25+, total (%) (cumulative)",SE.SEC.CUAT.PO.ZS,"Gambia, The",GMB,..,..,..,..,..,..,..,..,..,..,..,..
"Educational attainment, at least completed post-secondary, population 25+, total (%) (cumulative)",SE.SEC.CUAT.PO.ZS,Georgia,GEO,..,..,..,..,49.67118,..,49.41188,..,51.03454,59.23623,..,..
"Educational attainment, at least completed post-secondary, population 25+, total (%) (cumulative)",SE.SEC.CUAT.PO.ZS,Germany,DEU,..,..,30.2569,31.1495,31.79364,32.33492,33.42421,34.41009,35.65272,..,35.58818,..
"Educational attainment, at least completed post-secondary, population 25+, total (%) (cumulative)",SE.SEC.CUAT.PO.ZS,Ghana,GHA,..,..,11.34099,..,..,..,..,..,..,..,..,..
"Educational attainment, at least completed post-secondary, population 25+, total (%) (cumulative)",SE.SEC.CUAT.PO.ZS,Gibraltar,GIB,..,..,..,..,..,..,..,..,..,..,..,..
"Educational attainment, at least completed post-secondary, population 25+, total (%) (cumulative)",SE.SEC.CUAT.PO.ZS,Greece,GRC,..,..,26.84174,..,..,..,29.76849,30.48049,26.69899,..,..,..
"Educational attainment, at least completed post-secondary, population 25+, total (%) (cumulative)",SE.SEC.CUAT.PO.ZS,Greenland,GRL,..,..,..,..,13.36413,..,13.68537,13.70051,..,..,..,..
"Educational attainment, at least completed post-secondary, population 25+, total (%) (cumulative)",SE.SEC.CUAT.PO.ZS,Grenada,GRD,..,..,..,..,..,..,..,..,..,..,..,..
"Educational attainment, at least completed post-secondary, population 25+, total (%) (cumulative)",SE.SEC.CUAT.PO.ZS,Guam,GUM,39.92566,..,..,..,..,..,..,..,..,..,..,..
"Educational attainment, at least completed post-secondary, population 25+, total (%) (cumulative)",SE.SEC.CUAT.PO.ZS,Guatemala,GTM,..,..,..,..,2.83538,3.35549,10.3074,..,..,..,..,..
"Educational attainment, at least completed post-secondary, population 25+, total (%) (cumulative)",SE.SEC.CUAT.PO.ZS,Guinea,GIN,..,..,4.99931,..,..,..,5.3938,..,..,..,..,..
"Educational attainment, at least completed post-secondary, population 25+, total (%) (cumulative)",SE.SEC.CUAT.PO.ZS,Guinea-Bissau,GNB,..,..,..,..,..,..,..,..,..,..,..,..
"Educational attainment, at least completed post-secondary, population 25+, total (%) (cumulative)",SE.SEC.CUAT.PO.ZS,Guyana,GUY,..,..,..,..,..,..,..,..,..,..,..,..
"Educational attainment, at least completed post-secondary, population 25+, total (%) (cumulative)",SE.SEC.CUAT.PO.ZS,Haiti,HTI,..,..,..,..,..,..,..,..,..,..,..,..
"Educational attainment, at least completed post-secondary, population 25+, total (%) (cumulative)",SE.SEC.CUAT.PO.ZS,Honduras,HND,..,..,..,8.02833,7.13872,..,9.77358,9.66533,10.79066,..,9.74761,..
"Educational attainment, at least completed post-secondary, population 25+, total (%) (cumulative)",SE.SEC.CUAT.PO.ZS,"Hong Kong SAR, China",HKG,..,..,22.99259,24.52327,..,..,26.93291,27.93462,..,29.10324,..,..
"Educational attainment, at least completed post-secondary, population 25+, total (%) (cumulative)",SE.SEC.CUAT.PO.ZS,Hungary,HUN,10.10249,..,18.99349,21.67548,22.85254,29.02408,28.20891,28.74177,28.50946,..,..,..
"Educational attainment, at least completed post-secondary, population 25+, total (%) (cumulative)",SE.SEC.CUAT.PO.ZS,Iceland,ISL,..,..,..,..,..,..,..,..,..,..,..,..
"Educational attainment, at least completed post-secondary, population 25+, total (%) (cumulative)",SE.SEC.CUAT.PO.ZS,India,IND,..,..,..,10.01238,..,..,..,..,..,..,..,..
"Educational attainment, at least completed post-secondary, population 25+, total (%) (cumulative)",SE.SEC.CUAT.PO.ZS,Indonesia,IDN,2.32264,..,..,7.88074,..,..,8.6548,9.24636,9.3982,..,9.99415,..
"Educational attainment, at least completed post-secondary, population 25+, total (%) (cumulative)",SE.SEC.CUAT.PO.ZS,"Iran, Islamic Rep.",IRN,..,..,18.53014,..,19.7987,21.31421,21.72996,..,23.06212,..,..,..
"Educational attainment, at least completed post-secondary, population 25+, total (%) (cumulative)",SE.SEC.CUAT.PO.ZS,Iraq,IRQ,..,..,..,..,..,19.92075,..,..,..,..,..,..
"Educational attainment, at least completed post-secondary, population 25+, total (%) (cumulative)",SE.SEC.CUAT.PO.ZS,Ireland,IRL,..,..,44.25483,37.79415,..,..,..,..,..,42.9488,..,..
"Educational attainment, at least completed post-secondary, population 25+, total (%) (cumulative)",SE.SEC.CUAT.PO.ZS,Isle of Man,IMN,..,..,..,..,..,..,..,..,..,..,..,..
"Educational attainment, at least completed post-secondary, population 25+, total (%) (cumulative)",SE.SEC.CUAT.PO.ZS,Israel,ISR,..,..,43.25063,44.07899,44.66997,45.41605,46.79059,47.07398,..,..,..,..
"Educational attainment, at least completed post-secondary, population 25+, total (%) (cumulative)",SE.SEC.CUAT.PO.ZS,Italy,ITA,..,..,12.78265,12.78953,13.54081,..,14.448,14.9665,..,..,..,..
"Educational attainment, at least completed post-secondary, population 25+, total (%) (cumulative)",SE.SEC.CUAT.PO.ZS,Jamaica,JAM,..,..,..,13.95097,..,..,..,..,..,..,..,..
"Educational attainment, at least completed post-secondary, population 25+, total (%) (cumulative)",SE.SEC.CUAT.PO.ZS,Japan,JPN,21.13489,..,34.39562,..,..,..,..,..,..,..,..,..
"Educational attainment, at least completed post-secondary, population 25+, total (%) (cumulative)",SE.SEC.CUAT.PO.ZS,Jordan,JOR,..,..,27.11252,..,..,..,..,..,..,..,..,..
"Educational attainment, at least completed post-secondary, population 25+, total (%) (cumulative)",SE.SEC.CUAT.PO.ZS,Kazakhstan,KAZ,..,..,..,..,..,..,..,..,..,..,..,..
"Educational attainment, at least completed post-secondary, population 25+, total (%) (cumulative)",SE.SEC.CUAT.PO.ZS,Kenya,KEN,..,..,7.92328,..,..,..,..,..,..,..,..,..
"Educational attainment, at least completed post-secondary, population 25+, total (%) (cumulative)",SE.SEC.CUAT.PO.ZS,Kiribati,KIR,..,..,..,..,..,..,..,..,..,..,..,..
"Educational attainment, at least completed post-secondary, population 25+, total (%) (cumulative)",SE.SEC.CUAT.PO.ZS,"Korea, Dem. People’s Rep.",PRK,..,..,..,..,..,..,..,..,..,..,..,..
"Educational attainment, at least completed post-secondary, population 25+, total (%) (cumulative)",SE.SEC.CUAT.PO.ZS,"Korea, Rep.",KOR,13.4,..,35.32099,..,..,..,..,40.30227,..,..,..,..
"Educational attainment, at least completed post-secondary, population 25+, total (%) (cumulative)",SE.SEC.CUAT.PO.ZS,Kosovo,XKX,..,..,..,..,..,..,..,..,..,..,..,..
"Educational attainment, at least completed post-secondary, population 25+, total (%) (cumulative)",SE.SEC.CUAT.PO.ZS,Kuwait,KWT,..,..,..,..,16.49865,13.77165,..,15.02227,..,17.39209,18.50706,..
"Educational attainment, at least completed post-secondary, population 25+, total (%) (cumulative)",SE.SEC.CUAT.PO.ZS,Kyrgyz Republic,KGZ,..,..,..,..,..,..,..,..,..,..,..,..
"Educational attainment, at least completed post-secondary, population 25+, total (%) (cumulative)",SE.SEC.CUAT.PO.ZS,Lao PDR,LAO,..,..,..,..,..,..,..,..,..,..,..,..
"Educational attainment, at least completed post-secondary, population 25+, total (%) (cumulative)",SE.SEC.CUAT.PO.ZS,Latvia,LVA,..,..,32.67842,34.3202,35.80716,37.89831,37.59481,37.43687,39.07137,..,43.5798,..
"Educational attainment, at least completed post-secondary, population 25+, total (%) (cumulative)",SE.SEC.CUAT.PO.ZS,Lebanon,LBN,..,..,..,..,..,..,..,..,..,..,..,..
"Educational attainment, at least completed post-secondary, population 25+, total (%) (cumulative)",SE.SEC.CUAT.PO.ZS,Lesotho,LSO,..,..,..,..,..,..,..,..,..,..,..,..
"Educational attainment, at least completed post-secondary, population 25+, total (%) (cumulative)",SE.SEC.CUAT.PO.ZS,Liberia,LBR,..,..,..,..,..,..,..,..,..,..,..,..
"Educational attainment, at least completed post-secondary, population 25+, total (%) (cumulative)",SE.SEC.CUAT.PO.ZS,Libya,LBY,..,..,..,..,..,..,..,..,..,..,..,..
"Educational attainment, at least completed post-secondary, population 25+, total (%) (cumulative)",SE.SEC.CUAT.PO.ZS,Liechtenstein,LIE,..,8.86692,..,..,..,..,..,..,..,..,..,..
"Educational attainment, at least completed post-secondary, population 25+, total (%) (cumulative)",SE.SEC.CUAT.PO.ZS,Lithuania,LTU,..,..,48.83363,49.64981,49.68885,49.59112,50.88567,52.13129,53.11953,54.64285,..,..
"Educational attainment, at least completed post-secondary, population 25+, total (%) (cumulative)",SE.SEC.CUAT.PO.ZS,Luxembourg,LUX,..,..,..,..,..,..,..,69.07166,..,..,..,..
"Educational attainment, at least completed post-secondary, population 25+, total (%) (cumulative)",SE.SEC.CUAT.PO.ZS,"Macao SAR, China",MAC,..,..,..,19.58761,..,..,..,..,26.31721,..,..,..
"Educational attainment, at least completed post-secondary, population 25+, total (%) (cumulative)",SE.SEC.CUAT.PO.ZS,Madagascar,MDG,..,..,..,..,..,..,..,..,..,..,..,..
"Educational attainment, at least completed post-secondary, population 25+, total (%) (cumulative)",SE.SEC.CUAT.PO.ZS,Malawi,MWI,..,..,..,..,..,..,..,..,..,..,..,..
"Educational attainment, at least completed post-secondary, population 25+, total (%) (cumulative)",SE.SEC.CUAT.PO.ZS,Malaysia,MYS,..,11.39797,16.36954,..,..,..,..,..,20.88304,..,..,..
"Educational attainment, at least completed post-secondary, population 25+, total (%) (cumulative)",SE.SEC.CUAT.PO.ZS,Maldives,MDV,..,..,..,..,..,..,..,..,..,..,..,..
"Educational attainment, at least completed post-secondary, population 25+, total (%) (cumulative)",SE.SEC.CUAT.PO.ZS,Mali,MLI,..,..,..,3.22351,..,..,..,2.07247,4.94879,..,6.18122,..
"Educational attainment, at least completed post-secondary, population 25+, total (%) (cumulative)",SE.SEC.CUAT.PO.ZS,Malta,MLT,..,7.91397,19.34235,19.92107,22.43576,23.43691,23.71312,24.06512,24.6766,..,30.13697,..
"Educational attainment, at least completed post-secondary, population 25+, total (%) (cumulative)",SE.SEC.CUAT.PO.ZS,Marshall Islands,MHL,..,..,..,17.4415,..,..,..,..,..,..,..,..
"Educational attainment, at least completed post-secondary, population 25+, total (%) (cumulative)",SE.SEC.CUAT.PO.ZS,Mauritania,MRT,..,..,..,..,..,..,..,..,..,..,..,..
"Educational attainment, at least completed post-secondary, population 25+, total (%) (cumulative)",SE.SEC.CUAT.PO.ZS,Mauritius,MUS,1.9,7.91397,..,12.65666,..,..,..,..,..,..,14.38547,..
"Educational attainment, at least completed post-secondary, population 25+, total (%) (cumulative)",SE.SEC.CUAT.PO.ZS,Mexico,MEX,9.16988,9.02967,14.42384,..,16.31269,14.7768,14.43193,16.27255,15.15323,15.82328,16.44959,..
"Educational attainment, at least completed post-secondary, population 25+, total (%) (cumulative)",SE.SEC.CUAT.PO.ZS,"Micronesia, Fed. Sts.",FSM,..,..,..,..,..,..,..,..,..,..,..,..
"Educational attainment, at least completed post-secondary, population 25+, total (%) (cumulative)",SE.SEC.CUAT.PO.ZS,Moldova,MDA,..,..,31.67328,32.82048,43.52401,..,..,..,..,..,..,..
"Educational attainment, at least completed post-secondary, population 25+, total (%) (cumulative)",SE.SEC.CUAT.PO.ZS,Monaco,MCO,..,..,..,..,..,..,..,..,..,..,..,..
"Educational attainment, at least completed post-secondary, population 25+, total (%) (cumulative)",SE.SEC.CUAT.PO.ZS,Mongolia,MNG,..,30.57196,35.52566,..,..,..,..,..,..,..,..,..
"Educational attainment, at least completed post-secondary, population 25+, total (%) (cumulative)",SE.SEC.CUAT.PO.ZS,Montenegro,MNE,..,..,..,19.57146,..,..,..,..,..,..,..,..
"Educational attainment, at least completed post-secondary, population 25+, total (%) (cumulative)",SE.SEC.CUAT.PO.ZS,Morocco,MAR,..,..,..,..,..,..,..,..,..,..,..,..
"Educational attainment, at least completed post-secondary, population 25+, total (%) (cumulative)",SE.SEC.CUAT.PO.ZS,Mozambique,MOZ,..,..,..,1.93096,..,..,..,1.80533,..,1.97416,..,..
"Educational attainment, at least completed post-secondary, population 25+, total (%) (cumulative)",SE.SEC.CUAT.PO.ZS,Myanmar,MMR,..,..,..,..,..,..,..,..,..,..,..,..
"Educational attainment, at least completed post-secondary, population 25+, total (%) (cumulative)",SE.SEC.CUAT.PO.ZS,Namibia,NAM,..,..,..,..,..,..,..,..,..,..,..,..
"Educational attainment, at least completed post-secondary, population 25+, total (%) (cumulative)",SE.SEC.CUAT.PO.ZS,Nauru,NRU,..,..,..,..,..,..,..,..,..,..,..,..
"Educational attainment, at least completed post-secondary, population 25+, total (%) (cumulative)",SE.SEC.CUAT.PO.ZS,Nepal,NPL,..,..,..,9.45968,..,..,..,..,..,..,..,..
"Educational attainment, at least completed post-secondary, population 25+, total (%) (cumulative)",SE.SEC.CUAT.PO.ZS,Netherlands,NLD,..,..,32.18877,31.62738,32.05775,30.28775,30.56058,31.20981,31.78831,..,33.29138,..
"Educational attainment, at least completed post-secondary, population 25+, total (%) (cumulative)",SE.SEC.CUAT.PO.ZS,New Caledonia,NCL,..,..,..,..,..,..,..,..,..,..,..,..
"Educational attainment, at least completed post-secondary, population 25+, total (%) (cumulative)",SE.SEC.CUAT.PO.ZS,New Zealand,NZL,..,..,..,47.32173,47.03415,..,45.79953,44.1959,46.10203,..,..,..
"Educational attainment, at least completed post-secondary, population 25+, total (%) (cumulative)",SE.SEC.CUAT.PO.ZS,Nicaragua,NIC,..,..,..,..,..,..,..,..,..,..,..,..
"Educational attainment, at least completed post-secondary, population 25+, total (%) (cumulative)",SE.SEC.CUAT.PO.ZS,Niger,NER,..,..,..,..,1.70499,..,..,..,..,..,..,..
"Educational attainment, at least completed post-secondary, population 25+, total (%) (cumulative)",SE.SEC.CUAT.PO.ZS,Nigeria,NGA,..,..,..,..,..,..,..,..,..,..,..,..
"Educational attainment, at least completed post-secondary, population 25+, total (%) (cumulative)",SE.SEC.CUAT.PO.ZS,North Macedonia,MKD,..,..,..,..,..,..,..,..,..,..,..,..
"Educational attainment, at least completed post-secondary, population 25+, total (%) (cumulative)",SE.SEC.CUAT.PO.ZS,Northern Mariana Islands,MNP,..,..,..,..,..,..,..,..,..,..,..,..
"Educational attainment, at least completed post-secondary, population 25+, total (%) (cumulative)",SE.SEC.CUAT.PO.ZS,Norway,NOR,18.37782,..,34.20618,35.20596,..,..,37.53755,38.02254,38.77576,39.59907,..,..
"Educational attainment, at least completed post-secondary, population 25+, total (%) (cumulative)",SE.SEC.CUAT.PO.ZS,Oman,OMN,..,..,18.70463,..,..,..,..,21.28899,..,..,..,..
"Educational attainment, at least completed post-secondary, population 25+, total (%) (cumulative)",SE.SEC.CUAT.PO.ZS,Pakistan,PAK,..,..,6.97446,7.36819,7.54164,7.99135,8.75331,..,8.61713,8.65033,..,..
"Educational attainment, at least completed post-secondary, population 25+, total (%) (cumulative)",SE.SEC.CUAT.PO.ZS,Palau,PLW,..,..,..,..,..,..,..,..,..,..,..,..
"Educational attainment, at least completed post-secondary, population 25+, total (%) (cumulative)",SE.SEC.CUAT.PO.ZS,Panama,PAN,13.73644,11.16731,22.73995,..,..,..,..,..,..,..,..,..
"Educational attainment, at least completed post-secondary, population 25+, total (%) (cumulative)",SE.SEC.CUAT.PO.ZS,Papua New Guinea,PNG,..,..,..,..,..,..,..,..,..,..,..,..
"Educational attainment, at least completed post-secondary, population 25+, total (%) (cumulative)",SE.SEC.CUAT.PO.ZS,Paraguay,PRY,..,..,..,..,10.85572,13.66506,13.64638,14.52065,14.04515,..,15.22289,..
"Educational attainment, at least completed post-secondary, population 25+, total (%) (cumulative)",SE.SEC.CUAT.PO.ZS,Peru,PER,..,..,20.87359,21.24498,22.15469,21.33951,21.11848,20.87703,..,..,21.90983,..
"Educational attainment, at least completed post-secondary, population 25+, total (%) (cumulative)",SE.SEC.CUAT.PO.ZS,Philippines,PHL,18.79397,15.52385,31.2529,..,..,32.85084,..,..,..,20.07135,..,..
"Educational attainment, at least completed post-secondary, population 25+, total (%) (cumulative)",SE.SEC.CUAT.PO.ZS,Poland,POL,..,..,23.54792,24.40259,25.12131,25.99724,27.12287,..,28.17192,..,..,..
"Educational attainment, at least completed post-secondary, population 25+, total (%) (cumulative)",SE.SEC.CUAT.PO.ZS,Portugal,PRT,..,7.25665,13.15509,14.45053,15.55972,16.31377,17.97671,18.74139,19.56435,19.78422,19.23109,..
"Educational attainment, at least completed post-secondary, population 25+, total (%) (cumulative)",SE.SEC.CUAT.PO.ZS,Puerto Rico,PRI,28.66309,37.60961,..,54.7398,..,..,..,..,..,50.04971,..,..
"Educational attainment, at least completed post-secondary, population 25+, total (%) (cumulative)",SE.SEC.CUAT.PO.ZS,Qatar,QAT,..,..,18.66005,22.14429,25.30079,25.01865,24.57543,..,23.91656,24.20265,..,..
"Educational attainment, at least completed post-secondary, population 25+, total (%) (cumulative)",SE.SEC.CUAT.PO.ZS,Romania,ROU,..,..,15.90557,16.68376,17.09805,17.37306,17.22698,17.76323,17.74193,17.73858,..,..
"Educational attainment, at least completed post-secondary, population 25+, total (%) (cumulative)",SE.SEC.CUAT.PO.ZS,Russian Federation,RUS,..,..,..,..,..,..,..,..,..,..,..,..
"Educational attainment, at least completed post-secondary, population 25+, total (%) (cumulative)",SE.SEC.CUAT.PO.ZS,Rwanda,RWA,..,..,2.22751,..,3.62482,..,3.32374,..,..,..,4.13283,..
"Educational attainment, at least completed post-secondary, population 25+, total (%) (cumulative)",SE.SEC.CUAT.PO.ZS,Samoa,WSM,..,..,..,15.26387,..,..,..,..,..,..,..,..
"Educational attainment, at least completed post-secondary, population 25+, total (%) (cumulative)",SE.SEC.CUAT.PO.ZS,San Marino,SMR,..,..,..,..,..,..,..,..,..,..,15.76002,..
"Educational attainment, at least completed post-secondary, population 25+, total (%) (cumulative)",SE.SEC.CUAT.PO.ZS,Sao Tome and Principe,STP,..,..,..,..,3.25908,..,..,..,..,..,..,..
"Educational attainment, at least completed post-secondary, population 25+, total (%) (cumulative)",SE.SEC.CUAT.PO.ZS,Saudi Arabia,SAU,..,12.04128,..,..,..,25.88804,..,..,..,31.47765,..,..
"Educational attainment, at least completed post-secondary, population 25+, total (%) (cumulative)",SE.SEC.CUAT.PO.ZS,Senegal,SEN,..,..,..,2.9813,..,4.26378,..,..,..,9.95411,..,..
"Educational attainment, at least completed post-secondary, population 25+, total (%) (cumulative)",SE.SEC.CUAT.PO.ZS,Serbia,SRB,..,..,15.72136,19.16871,..,18.21503,20.34675,21.74,22.58227,22.58361,..,..
"Educational attainment, at least completed post-secondary, population 25+, total (%) (cumulative)",SE.SEC.CUAT.PO.ZS,Seychelles,SYC,..,..,..,..,..,..,..,..,..,..,..,..
"Educational attainment, at least completed post-secondary, population 25+, total (%) (cumulative)",SE.SEC.CUAT.PO.ZS,Sierra Leone,SLE,..,..,..,..,..,..,..,..,..,..,..,..
"Educational attainment, at least completed post-secondary, population 25+, total (%) (cumulative)",SE.SEC.CUAT.PO.ZS,Singapore,SGP,4.73381,..,46.47558,46.93517,48.68261,50.00187,51.15258,52.041,52.78652,54.23211,55.76061,..
"Educational attainment, at least completed post-secondary, population 25+, total (%) (cumulative)",SE.SEC.CUAT.PO.ZS,Sint Maarten (Dutch part),SXM,..,..,..,..,..,..,..,..,..,..,..,..
"Educational attainment, at least completed post-secondary, population 25+, total (%) (cumulative)",SE.SEC.CUAT.PO.ZS,Slovak Republic,SVK,..,..,..,20.65293,17.16791,17.8811,19.49539,20.62616,21.51653,22.79827,..,..
"Educational attainment, at least completed post-secondary, population 25+, total (%) (cumulative)",SE.SEC.CUAT.PO.ZS,Slovenia,SVN,..,..,21.23942,22.20777,23.66695,24.82178,25.11386,26.14379,26.9522,28.17666,..,..
"Educational attainment, at least completed post-secondary, population 25+, total (%) (cumulative)",SE.SEC.CUAT.PO.ZS,Solomon Islands,SLB,..,..,..,..,..,..,..,..,..,..,..,..
"Educational attainment, at least completed post-secondary, population 25+, total (%) (cumulative)",SE.SEC.CUAT.PO.ZS,Somalia,SOM,..,..,..,..,..,..,..,..,..,..,..,..
"Educational attainment, at least completed post-secondary, population 25+, total (%) (cumulative)",SE.SEC.CUAT.PO.ZS,South Africa,ZAF,..,..,12.41316,12.72683,13.60197,..,14.61518,15.19576,..,13.69382,..,..
"Educational attainment, at least completed post-secondary, population 25+, total (%) (cumulative)",SE.SEC.CUAT.PO.ZS,South Sudan,SSD,..,..,..,..,..,..,..,..,..,..,..,..
"Educational attainment, at least completed post-secondary, population 25+, total (%) (cumulative)",SE.SEC.CUAT.PO.ZS,Spain,ESP,..,..,25.70001,26.51466,26.97082,..,28.97893,29.29108,29.83585,..,31.16157,..
"Educational attainment, at least completed post-secondary, population 25+, total (%) (cumulative)",SE.SEC.CUAT.PO.ZS,Sri Lanka,LKA,..,..,..,..,..,..,..,..,..,..,..,..
"Educational attainment, at least completed post-secondary, population 25+, total (%) (cumulative)",SE.SEC.CUAT.PO.ZS,St. Kitts and Nevis,KNA,..,..,..,..,..,..,..,..,..,..,..,..
"Educational attainment, at least completed post-secondary, population 25+, total (%) (cumulative)",SE.SEC.CUAT.PO.ZS,St. Lucia,LCA,..,..,16.36299,..,..,15.45031,..,..,..,..,..,..
"Educational attainment, at least completed post-secondary, population 25+, total (%) (cumulative)",SE.SEC.CUAT.PO.ZS,St. Martin (French part),MAF,..,..,..,..,..,..,..,..,..,..,..,..
"Educational attainment, at least completed post-secondary, population 25+, total (%) (cumulative)",SE.SEC.CUAT.PO.ZS,St. Vincent and the Grenadines,VCT,..,..,..,..,..,..,..,..,..,3.54091,..,..
"Educational attainment, at least completed post-secondary, population 25+, total (%) (cumulative)",SE.SEC.CUAT.PO.ZS,Sudan,SDN,..,..,..,..,..,..,..,..,..,..,..,..
"Educational attainment, at least completed post-secondary, population 25+, total (%) (cumulative)",SE.SEC.CUAT.PO.ZS,Suriname,SUR,..,..,..,..,..,..,..,..,..,..,..,..
"Educational attainment, at least completed post-secondary, population 25+, total (%) (cumulative)",SE.SEC.CUAT.PO.ZS,Sweden,SWE,18.96869,..,33.80397,34.5562,35.24118,35.92054,36.57744,37.21942,37.89827,38.55639,..,..
"Educational attainment, at least completed post-secondary, population 25+, total (%) (cumulative)",SE.SEC.CUAT.PO.ZS,Switzerland,CHE,..,..,38.15958,38.69923,40.22422,..,..,..,..,..,..,..
"Educational attainment, at least completed post-secondary, population 25+, total (%) (cumulative)",SE.SEC.CUAT.PO.ZS,Syrian Arab Republic,SYR,..,..,..,..,..,..,..,..,..,..,..,..
"Educational attainment, at least completed post-secondary, population 25+, total (%) (cumulative)",SE.SEC.CUAT.PO.ZS,Tajikistan,TJK,..,19.82228,..,..,..,..,..,..,..,22.74693,..,..
"Educational attainment, at least completed post-secondary, population 25+, total (%) (cumulative)",SE.SEC.CUAT.PO.ZS,Tanzania,TZA,..,..,..,..,2.55564,..,..,..,..,..,..,..
"Educational attainment, at least completed post-secondary, population 25+, total (%) (cumulative)",SE.SEC.CUAT.PO.ZS,Thailand,THA,..,..,12.90123,..,..,..,..,..,..,..,..,..
"Educational attainment, at least completed post-secondary, population 25+, total (%) (cumulative)",SE.SEC.CUAT.PO.ZS,Timor-Leste,TLS,..,..,..,..,..,..,..,..,..,..,..,..
"Educational attainment, at least completed post-secondary, population 25+, total (%) (cumulative)",SE.SEC.CUAT.PO.ZS,Togo,TGO,..,..,..,5.43935,..,..,..,..,..,..,..,..
"Educational attainment, at least completed post-secondary, population 25+, total (%) (cumulative)",SE.SEC.CUAT.PO.ZS,Tonga,TON,..,..,..,16.78023,..,..,..,..,..,..,..,..
"Educational attainment, at least completed post-secondary, population 25+, total (%) (cumulative)",SE.SEC.CUAT.PO.ZS,Trinidad and Tobago,TTO,3.52938,..,..,23.91432,..,..,..,..,..,..,..,..
"Educational attainment, at least completed post-secondary, population 25+, total (%) (cumulative)",SE.SEC.CUAT.PO.ZS,Tunisia,TUN,..,..,12.50063,13.2653,12.35314,..,..,..,15.15784,..,..,..
"Educational attainment, at least completed post-secondary, population 25+, total (%) (cumulative)",SE.SEC.CUAT.PO.ZS,Turkey,TUR,..,..,11.5273,12.76432,13.37589,14.88325,15.82832,17.39358,18.15708,19.08784,..,..
"Educational attainment, at least completed post-secondary, population 25+, total (%) (cumulative)",SE.SEC.CUAT.PO.ZS,Turkmenistan,TKM,..,..,..,..,..,..,..,..,..,..,..,..
"Educational attainment, at least completed post-secondary, population 25+, total (%) (cumulative)",SE.SEC.CUAT.PO.ZS,Turks and Caicos Islands,TCA,..,..,..,..,..,..,..,..,..,..,..,..
"Educational attainment, at least completed post-secondary, population 25+, total (%) (cumulative)",SE.SEC.CUAT.PO.ZS,Tuvalu,TUV,..,..,..,..,..,..,..,..,..,..,..,..
"Educational attainment, at least completed post-secondary, population 25+, total (%) (cumulative)",SE.SEC.CUAT.PO.ZS,Uganda,UGA,..,..,8.19465,..,8.14537,..,..,..,..,..,..,..
"Educational attainment, at least completed post-secondary, population 25+, total (%) (cumulative)",SE.SEC.CUAT.PO.ZS,Ukraine,UKR,..,..,..,..,..,..,..,..,..,..,..,..
"Educational attainment, at least completed post-secondary, population 25+, total (%) (cumulative)",SE.SEC.CUAT.PO.ZS,United Arab Emirates,ARE,..,..,..,..,..,..,..,..,43.47361,52.56913,..,..
"Educational attainment, at least completed post-secondary, population 25+, total (%) (cumulative)",SE.SEC.CUAT.PO.ZS,United Kingdom,GBR,..,..,33.81171,33.05904,36.95036,37.85674,38.9803,..,..,44.09417,..,..
"Educational attainment, at least completed post-secondary, population 25+, total (%) (cumulative)",SE.SEC.CUAT.PO.ZS,United States,USA,45.23981,..,39.13742,39.94494,40.66323,41.50467,41.8897,42.33751,43.51188,..,45.16791,..
"Educational attainment, at least completed post-secondary, population 25+, total (%) (cumulative)",SE.SEC.CUAT.PO.ZS,Uruguay,URY,..,..,14.71582,10.94071,10.88215,11.78742,12.13938,12.4214,12.24622,13.16651,13.31772,..
"Educational attainment, at least completed post-secondary, population 25+, total (%) (cumulative)",SE.SEC.CUAT.PO.ZS,Uzbekistan,UZB,..,..,..,..,..,51.93229,54.94764,55.30374,62.50791,..,..,..
"Educational attainment, at least completed post-secondary, population 25+, total (%) (cumulative)",SE.SEC.CUAT.PO.ZS,Vanuatu,VUT,..,..,..,..,..,..,..,..,..,..,..,..
"Educational attainment, at least completed post-secondary, population 25+, total (%) (cumulative)",SE.SEC.CUAT.PO.ZS,"Venezuela, RB",VEN,11.77691,..,..,24.86441,..,..,..,30.78096,35.40283,..,..,..
"Educational attainment, at least completed post-secondary, population 25+, total (%) (cumulative)",SE.SEC.CUAT.PO.ZS,Vietnam,VNM,..,..,..,..,..,..,..,..,..,..,..,..
"Educational attainment, at least completed post-secondary, population 25+, total (%) (cumulative)",SE.SEC.CUAT.PO.ZS,Virgin Islands (U.S.),VIR,..,..,..,..,..,..,..,..,..,..,..,..
"Educational attainment, at least completed post-secondary, population 25+, total (%) (cumulative)",SE.SEC.CUAT.PO.ZS,West Bank and Gaza,PSE,..,..,21.99041,23.58294,24.82232,22.53745,22.73339,23.48981,23.68486,..,25.85932,..
"Educational attainment, at least completed post-secondary, population 25+, total (%) (cumulative)",SE.SEC.CUAT.PO.ZS,"Yemen, Rep.",YEM,..,..,..,..,..,..,..,..,..,..,..,..
"Educational attainment, at least completed post-secondary, population 25+, total (%) (cumulative)",SE.SEC.CUAT.PO.ZS,Zambia,ZMB,0.28678,..,..,..,..,..,..,..,..,..,..,..
"Educational attainment, at least completed post-secondary, population 25+, total (%) (cumulative)",SE.SEC.CUAT.PO.ZS,Zimbabwe,ZWE,..,..,..,..,3.39972,..,13.05274,..,..,9.41853,..,..
,,,,,,,,,,,,,,,
,,,,,,,,,,,,,,,
,,,,,,,,,,,,,,,
Data from database: World Development Indicators,,,,,,,,,,,,,,,
Last Updated: 10/28/2019,,,,,,,,,,,,,,,
